id,company_name,analysis_type,analysis_metric,detailed_result,summary,created_at
31,Company_2,insight,financial_stability/profitability,,"회사의 재무 안정성은 높은 유동비율을 바탕으로 견고하게 유지되고 있습니다. `수익성 개선을 위한 운영 효율화가 필요`합니다. 영업이익과 당기순이익의 지속적인 적자는 업종 평균과 비교하여 현격한 격차를 보이고 있어 이는 회사의 경쟁력을 약화시키는 요소입니다. 특히 무수익 운영 외 영업구조와 전략의 전환이 요구됩니다. 매출 대비 차입 비율이 개선된 점은 긍정적이지만, 이자비용과 차입비용의 관리를 더욱 강화해야 합니다. `계절성 극복 및 연속적 성장을 위한 혁신적 비즈니스 개발 적용`이 필요하며, 적은 자산으로도 성장할 수 있는 전략을 계획하여 시장 대응력을 강화해야 합니다. 이를 위해 리스크 관리 체계를 구축하고, 시장 환경 변화에 민첩하게 대응할 수 있는 조직적 유연성이 필수적입니다.",2024-12-05 04:57:23
30,Company_2,insight,financial_stability/partner_stability,,"회사 재정 안정성은 개선되고 있으며, 2023년에 현재 비율이 177.13%로 업종 평균인 137.36%보다 높아 높은 유동성을 유지하고 있습니다. 그러나 `차입금 의존도 관리 및 재무 위험 완화`를 위해 증가하는 부채 비율에 대한 모니터링이 필요합니다. 반면에, `거래처 다변화와 신규 파트너 발굴`은 파트너 안정성을 높이는 데 필요합니다. 특히 총 매출의 74.75%를 차지하는 주요 5대 매출처의 높은 의존성은 리스크 요인으로, 이 중 두 판매 파트너의 낮은 신용등급이 우려되며, 변동성 있는 매출 패턴이 주요 문제로 지적됩니다. 대금 회수 기간의 연장 및 거래 불안정성은 현금 흐름 문제를 야기할 수 있으므로, 이러한 결과를 통해 보다 다양한 고객 기반을 구축하고 결제 조건을 강화함으로써 재무 안정을 확보해야 합니다.",2024-12-05 04:45:02
29,Company_2,strength,financial_stability,"The company's financial stability shows promising trends, particularly in its liquidity metrics. The 유동비율 (current ratio) has significantly improved from 73.64% in 2022 to 177.13% in 2023, indicating a robust capacity to cover short-term liabilities, although it is projected to slightly decrease to 151.17% in 2024. This is still above the 업종평균 유동비율 (industry average current ratio) of 137.36%, suggesting a strong liquidity position relative to peers. Additionally, the 유동자산 (current assets) rose sharply from 16,091 million won in 2022 to 24,607 million won in 2023, although a slight decline to 23,270 million won is expected in 2024. The 차입금의존도 (debt-to-assets ratio) has also increased from 28.93% in 2023 to a projected 31.79% in 2024, surpassing the 업종평균 차입금의존도 (industry average debt-to-assets ratio) of 29.52%, which indicates a growing reliance on debt but remains manageable given the liquidity improvements. Furthermore, the 매출액대비차입비율 (debt-to-sales ratio) has shown fluctuations, with a notable decrease to 71.82% in May 2024, suggesting improved sales performance relative to debt levels. Overall, while the company should monitor its increasing debt levels, the positive trends in liquidity and operational efficiency, as evidenced by the strong 유동비율 and improved 매출액대비차입비율, indicate a solid foundation for financial stability moving forward.","당사의 유동비율은 2022년 73.64%에서 2023년 177.13%로 크게 개선되었으며, 2024년에는 151.17%로 소폭 감소할 것으로 예상되지만 업종평균 137.36%를 상회하는 수준입니다. 유동자산은 2022년 16,091백만 원에서 2023년 24,607백만 원으로 증가하였으나, 2024년에는 23,270백만 원으로 감소할 것으로 보입니다. 차입금의존도는 2023년 28.93%에서 2024년 31.79%로 증가하여 업종평균 29.52%를 초과하지만, 매출액대비차입비율은 2024년 5월 71.82%로 감소하여 판매 성과가 개선되고 있음을 나타냅니다. `당사는 증가하는 부채 수준을 모니터링하면서도 유동성 개선을 지속적으로 추진해야 합니다.`",2024-12-05 04:44:58
28,Company_1,insight,financial_stability/partner_stability,,"회사의 재무 안정성은 유동비율이 2023년 94.65%에서 2024년 115.75%로 개선되는 등 긍정적이지만, 파트너 의존도는 우려가 큽니다. 매출 상위 5개 매출처가 총 매출의 68.9%를 차지하고 있으며, SalesPartner_5의 경우 불안한 매출 흐름을 보여주고 있습니다. 거래 안정성을 강화하기 위해 `파트너 다변화 전략을 채택해야` 하며, 특히 `신용 등급이 낮은 공급업체와의 관계를 재검토`하여 공급망 위험을 감소시킬 필요가 있습니다. 또한, 평균 회수기간과 지급기간이 길어 현금 흐름에 문제가 발생할 수 있으므로, 매출처와 공급업체와의 `결제 조건을 재조정`하여 운영 자금을 효율적으로 관리해야 합니다. 안정적인 매출 및 채무 관계를 위해 고객 및 공급업체 포트폴리오를 다각화하여 리스크를 분산하는 것이 중요합니다.",2024-12-05 04:36:24
27,Company_1,strength,financial_stability,"The company's financial stability shows promising signs, particularly in its liquidity metrics, with the 유동비율 (current ratio) projected to improve from 94.65% in 2023 to 115.75% in 2024, surpassing the 업종평균 유동비율 (industry average current ratio) of 127.18%. This upward trend indicates a strengthening ability to cover short-term liabilities. Additionally, while the 차입금의존도 (debt-to-assets ratio) is expected to rise significantly to 44.26% in 2024 from 22.11% in 2023, it remains above the 업종평균 차입금의존도 (industry average debt-to-assets ratio) of 30.88%, suggesting a strategic increase in leverage that could support growth initiatives. The 매출액대비차입비율 (debt-to-sales ratio) has shown fluctuations but remains competitive, with a notable decrease to 205.4 in October 2024, indicating effective management of debt relative to sales. Furthermore, the 운전자금회전율 (working capital turnover rate) has demonstrated resilience, maintaining a positive trend despite a dip in August 2024, which reflects the company's operational efficiency. Overall, these metrics suggest a robust financial position, and the company should continue to monitor its debt levels while leveraging its liquidity to capitalize on growth opportunities.","당사의 유동비율은 2023년 94.65%에서 2024년 115.75%로 개선될 것으로 예상되며, 업종평균 유동비율 127.18%에는 미치지 못하지만 단기 부채를 커버할 수 있는 능력이 강화되고 있습니다. 차입금의존도는 2023년 22.11%에서 2024년 44.26%로 크게 증가할 것으로 보이며, 업종평균 차입금의존도 30.88%를 초과하여 성장 전략을 지원할 수 있는 레버리지 증가를 나타냅니다. 매출액대비차입비율은 2024년 10월에 205.4로 감소하여 부채 관리가 효과적으로 이루어지고 있음을 보여주며, 운전자금회전율은 2024년 8월에 일시적인 하락에도 불구하고 긍정적인 추세를 유지하고 있습니다. `당사는 부채 수준을 지속적으로 모니터링하며 유동성을 활용해 성장 기회를 극대화해야 합니다.`",2024-12-05 04:36:21
26,Company_3,insight,growth/financial_stability,,"회사는 2023년 수익률 49.77% 증가 및 자산 관리 능력을 통해 타 산업 대비 강한 성장세를 보여주고 있습니다. 2023년 수익과 자산의 증가는 강력한 전략적 포지셔닝을 나타내며, 2024년 예상 자산 성장률 13.1% 역시 긍정적입니다. 반면, 단기 차입금의 급격한 확대(2021년 900백만 원에서 2024년 1691백만 원)는 재정 안정성을 위협하고 있습니다. 2023년 차입금의존도는 39.8%로 높아 `부채 비율 감축을 통한 차입 구조 개선이 필요`하며, 유동비율 회복을 위해 `현금 흐름 관리 강화`가 중요합니다. 이러한 재정적 불안정성을 해소하지 않으면 꾸준한 성장은 어려울 것입니다.",2024-12-04 05:20:42
25,Company_3,weakness,financial_stability,"The company's financial stability shows concerning trends, particularly in its reliance on debt and liquidity metrics. The short-term borrowings surged dramatically from 900 million won in 2021 to an estimated 1,691 million won in 2024, reflecting a staggering increase of over 87% from 2021 to 2024, which raises alarms about its growing 차입금의존도 (debt-to-assets ratio) that peaked at 39.8% in 2023, significantly above the 업종평균 차입금의존도 (industry average debt-to-assets ratio) of 28.06%. Additionally, the 유동비율 (current ratio) plummeted to 69.12% in 2023, well below the industry average of 141.94%, before rebounding to an estimated 137.91% in 2024, indicating volatility in liquidity management. The monthly data further highlights instability, with the 매출액대비차입비율 (debt-to-sales ratio) fluctuating dramatically, peaking at 936.69% in December 2023, which is alarmingly higher than the 업종평균 매출대비차입비율 (industry average debt-to-sales ratio) of 219.57% in October 2024. To enhance financial stability, the company must prioritize reducing its debt levels and improving its liquidity ratios, as the current trajectory poses significant risks to its operational sustainability.","당사의 단기 차입금은 2021년 900백만 원에서 2024년 1,691백만 원으로 87% 증가하였으며, 2023년에는 차입금의존도가 39.8%로 업종 평균 28.06%를 크게 초과하였습니다. 유동비율은 2023년 69.12%로 업종 평균 141.94%에 비해 낮았으나, 2024년에는 137.91%로 회복세를 보였습니다. 매출액대비차입비율은 2023년 12월에 936.69%로 급등하였고, 이는 업종 평균 219.57%에 비해 매우 높은 수치입니다. `재무 안정성을 높이기 위해 당사는 차입금 감소와 유동성 비율 개선에 집중해야 합니다.`",2024-12-04 05:20:39
24,Company_3,strength,growth,"The company's financial performance shows a mixed but ultimately positive trajectory, particularly when considering the latest available data. In 2023, the annual revenue reached 69,985 million won, reflecting a significant recovery from the previous year's decline of 36.83% to an increase of 49.77%. Although the estimated revenue for 2024 is projected to decrease slightly to 68,377 million won, this still indicates resilience in the face of industry challenges, especially given that the industry average revenue growth rate is expected to decline by 16.93% in the same period. 

When examining total assets, the company reported a total of 27,322 million won in 2023, which is a decrease of 10.96% from 2022. However, the estimated total assets for 2024 show a promising increase to 30,901 million won, translating to a growth rate of 13.1%. This is notably higher than the industry average total asset growth rate of 1.06%, indicating that the company is effectively managing its asset base and positioning itself for future growth.

Monthly revenue data reveals fluctuations, but there are notable peaks that suggest strong performance in certain months. For instance, in May 2024, the company achieved a remarkable revenue of 9,898 million won, which is a substantial increase of 371.11% compared to the previous month. This spike is particularly encouraging as it demonstrates the company's ability to capitalize on market opportunities. Furthermore, the latest monthly revenue for October 2024 stands at 9,046 million won, which is a significant increase of 118.08% compared to the same month last year, indicating a strong recovery and growth momentum.

The cumulative revenue growth rate also reflects a positive trend, with a notable improvement in October 2024, where it stands at -14.47%, a significant recovery from earlier months. This suggests that the company is on a path to reversing earlier declines and is likely to continue this trend moving forward.

In summary, while the company faced challenges in 2022, the subsequent recovery in 2023 and the positive projections for 2024 highlight its resilience and potential for growth. The significant increases in both revenue and total assets, particularly in the context of industry averages, underscore the company's strong financial health and strategic positioning. The ability to achieve substantial monthly revenue spikes further reinforces the optimism surrounding its future performance.","당사의 2023년 연간 수익은 69,985백만 원으로, 전년 대비 49.77% 증가하였으며, 2024년 예상 수익은 68,377백만 원으로 소폭 감소할 것으로 보이나, 이는 업계 평균 수익 성장률이 16.93% 감소하는 것과 비교할 때 긍정적인 결과입니다. 2023년 총 자산은 27,322백만 원으로 10.96% 감소하였으나, 2024년 예상 총 자산은 30,901백만 원으로 13.1% 증가할 것으로 예상되어 업계 평균 1.06% 성장률을 초과합니다. 최근 월별 수익 데이터에서는 2024년 5월에 9,898백만 원의 수익을 기록하며 전월 대비 371.11% 증가하였고, 2024년 10월에는 9,046백만 원으로 전년 동월 대비 118.08% 증가하여 긍정적인 회복세를 보이고 있습니다. `지속적인 성장세 유지를 위해 시장 기회를 적극적으로 활용해야 합니다.`",2024-12-04 05:20:31
23,Company_3,insight,profitability/growth,,"회사의 영업이익과 당기순이익의 회복은 인상적이며, 2024년 예상 영업이익이 4080백만원, 당기순이익이 298백만원으로 예상되어 이전보다 큰 성과를 보이고 있습니다. 이는 `수익성 개선을 위한 운영 효율화가 필요`하며, 회사가 업계 평균을 초과하여 경쟁력을 높이고 있는 반면, 매출은 2024년 예상 매출이 68377백만원으로 약간 감소하며 성장률이 2.3% 후퇴했습니다. 이러한 성장 한계를 극복하기 위해 `안정적인 매출 성장을 달성할 포괄적 시장 전략이 필요`하고, 불안정한 월간 실적으로 나타난 시장 수요 분석과 효율적 자원 배치가 이루어져야 합니다. 총자산 증가에도 불구하고, 자산 증가로 균형을 이루지 못하는 매출 감소는 업계 평균에 뒤처질 수 있어 증가한 자원의 활용 방안과 결과 중심적 운영 방향성을 고려해야 합니다.",2024-12-03 08:21:51
22,Company_3,weakness,growth,"The company's financial performance reveals several concerning trends that warrant attention. In 2023, the annual revenue (매출액) was reported at 69,985 million won, a significant recovery from the drastic decline of 36.83% in 2022, where revenue plummeted to 46,728 million won. However, the estimated revenue for 2024 is projected to decrease slightly to 68,377 million won, indicating a negative growth rate of 2.3%. This decline is particularly troubling when compared to the industry average revenue growth rate, which is expected to drop by 16.93% in 2024, suggesting that the company is not only struggling to maintain its revenue but is also underperforming relative to its peers.

Examining the monthly revenue data for 2024, there are stark fluctuations that highlight instability. For instance, in May 2024, the revenue surged to 9,898 million won, a remarkable increase of 371.11% from the previous month. However, this spike is overshadowed by subsequent months, such as July and September, where revenues fell drastically to 1,720 million won and 1,320 million won, respectively, reflecting a decline of 74.63% and 74.09%. The year-over-year revenue comparisons also reveal troubling patterns; for example, in October 2024, the revenue of 9,046 million won is down 14.47% compared to the same month in the previous year, where it was 4,148 million won. This inconsistency raises concerns about the company's ability to sustain revenue growth.

The total assets (총자산) of the company have shown some positive movement, with a projected increase to 30,901 million won in 2024, up from 27,322 million won in 2023, marking a total asset growth rate (총자산증가율) of 13.1%. However, this growth is juxtaposed against a backdrop of negative asset growth in 2023, where total assets decreased by 10.96%. While the industry average total asset growth rate is expected to be a modest 1.06%, the company's recovery in asset value does not compensate for its revenue challenges.

The cumulative revenue growth rate (누적 매출액증가율) also paints a bleak picture, with a decline of 14.47% as of October 2024. This trend indicates that the company is struggling to recover from previous losses, and the volatility in monthly revenue further complicates the outlook. The significant drop in monthly revenue in several months, particularly in April 2024, where it fell by 71.56%, raises red flags about operational efficiency and market demand.

In summary, while the company has made some strides in asset growth, the overall financial health appears precarious due to declining revenues and significant volatility in monthly performance. The inability to maintain consistent revenue streams, coupled with underperformance against industry averages, suggests that the company may face challenges in achieving sustainable growth moving forward. The financial data indicates a need for strategic reassessment to address these weaknesses and stabilize performance.","당사의 2023년 매출액은 69,985백만 원으로, 2022년 46,728백만 원에서 36.83% 증가하였으나, 2024년에는 68,377백만 원으로 2.3% 감소할 것으로 예상됩니다. 2024년 월별 매출은 5월에 9,898백만 원으로 급증했으나, 7월과 9월에는 각각 1,720백만 원과 1,320백만 원으로 74.63%와 74.09% 감소하는 등 큰 변동성을 보였습니다. 당사의 총자산은 2024년 30,901백만 원으로 증가하였으나, 매출 감소와 비교할 때 상대적으로 부진한 성과를 나타내고 있습니다. `지속 가능한 성장을 위해 매출 안정성을 확보하는 전략이 필요합니다.`",2024-12-03 08:21:47
21,Company_3,strength,profitability,"The company's profitability has shown a notable recovery trajectory in 2024, particularly in the context of its operating profit (영업이익) and net profit (당기순이익). In 2023, the company faced significant challenges, with an operating profit of -3,975 million won and a net profit of -3,063 million won, reflecting a stark decline from the previous years. However, the 2024 estimates indicate a strong rebound, with projected operating profit reaching 4,080 million won and net profit at 298 million won. This represents a remarkable turnaround, showcasing a recovery of over 200% in operating profit compared to the previous year.

Examining the operating profit margin (영업이익률), the company experienced a drastic drop to -5.68% in 2023, but the forecast for 2024 suggests a recovery to 5.97%. This shift not only indicates a return to profitability but also positions the company favorably against the industry average operating profit margin, which is projected to be 0.73% in 2024. The company's ability to exceed this benchmark highlights its competitive edge and operational improvements.

Monthly data further illustrates this positive trend. For instance, in October 2024, the company reported an operating profit of 1,000 million won, a significant increase from the previous month’s profit of 161 million won. This monthly performance is particularly impressive when compared to the same month in the previous year, where the operating profit was -310 million won. The monthly operating profit margin for October 2024 stands at 11.05%, reinforcing the company's recovery momentum.

Additionally, the net profit margin (당기순이익률) has also shown improvement, with a forecasted margin of 0.44% for 2024, up from -4.38% in 2023. This positive shift is further supported by the monthly net profit margin of 4.8% in October 2024, a significant recovery from the previous year’s -86 million won in the same month. The cumulative net profit margin (누적 순이익률) has also turned positive, reaching 0.47% in October 2024, indicating a consistent improvement over the year.

Overall, the company’s financial health appears to be on an upward trajectory, with significant improvements in both operating and net profits, as well as margins. The ability to recover from substantial losses in 2023 to projected profitability in 2024 demonstrates resilience and effective management strategies. The company is not only recovering but is also positioned to outperform industry averages, suggesting a strong potential for sustained profitability moving forward.","당사는 2023년 영업이익 -3975백만 원, 당기순이익 -3063백만 원에서 2024년 영업이익 4080백만 원, 당기순이익 298백만 원으로 회복세를 보이며, 영업이익률은 -5.68%에서 5.97%로 개선되었습니다. 2024년 10월에는 영업이익 1000백만 원, 영업이익률 11.05%를 기록하며, 전년 동월 -310백만 원에서 큰 폭으로 증가하였습니다. 당사의 당기순이익률도 2023년 -4.38%에서 2024년 0.44%로 상승하였으며, 업계 평균 영업이익률 0.73%를 초과하는 성과를 나타내고 있습니다. `지속적인 수익성 강화를 위해 운영 효율성을 더욱 높이는 전략이 필요합니다.`",2024-12-03 08:21:35
20,Company_1,insight,profitability/growth,,"회사의 수익성 분석에 따르면, 2023년에 적자에서 영업이익 148억 원으로 회복된 것은 운영의 효율적 전략의 결과를 보여줍니다. 향후의 운영 손실 예상에도 불구하고, 2024년 후반기에 월간 수익의 지속적인 개선은 안정화의 형태로 나타나 결과적으로 긍정적인 여지를 보입니다. 이에 따라, `경영 전략 기반 운영 효율성 강화`를 집중적으로 추진할 필요가 있습니다. 반면, 성장 한계로는 2024년의 매출 하락과 총 자산의 감소 추세가 주목할 만한 우려로 자리잡고 있습니다. 이는 더욱 불확실한 시장 상황에서의 회사 위치를 알립니다. `지속 가능한 성장을 위한 매출 증대 전략 마련`이 필수적입니다. 혁신적인 제품 개발 또는 시장 다각화를 통해 이러한 성장 제약을 극복하는 것이 필수적이며, 특히 수익성과 신규 매출 창출의 균형을 이룩하는 데 집중해야 합니다.",2024-12-03 08:20:50
19,Company_1,weakness,growth,"The financial analysis of the company reveals several concerning trends that indicate potential weaknesses in its growth trajectory. Starting with annual revenue, the company reported a significant drop from 65,360 million won in 2021 to 47,687 million won in 2022, marking a staggering decrease of 27.04%. Although there was a recovery in 2023 with revenue rising to 62,406 million won (a 30.87% increase), the estimated revenue for 2024 is projected to decline again to 59,880 million won, reflecting a negative growth rate of 4.05%. This volatility in revenue growth is particularly alarming when compared to the industry average revenue growth rate, which has consistently been negative, with an estimated decline of 13.23% for 2024, indicating that while the company is experiencing fluctuations, it is still underperforming relative to its peers.

Examining the total assets, the company has shown minimal growth, with total assets increasing from 28,210 million won in 2021 to 29,714 million won in 2023, but the estimated total assets for 2024 are expected to decrease to 28,803 million won, resulting in a total asset growth rate of -3.07%. This decline is concerning, especially when juxtaposed with the industry average total asset growth rate of 0.39% for 2024, suggesting that the company is not only struggling to grow its assets but is also falling behind its competitors.

Monthly revenue data further illustrates the company's challenges. For instance, in November 2023, the company achieved a revenue of 6,140 million won, a substantial increase of 128.17% compared to the previous year. However, this was followed by a series of inconsistent monthly performances, with significant drops in revenue observed in subsequent months, such as a 54.05% decrease in March 2024 and a 54.41% drop in May 2024. The cumulative revenue growth rate also reflects this instability, peaking at 128.17% in November 2023 but declining to just 4.01% by October 2024, indicating a troubling trend of diminishing returns over the year.

The monthly growth rates reveal further volatility, with several months experiencing fluctuations exceeding the 20% threshold. For example, the revenue growth rate in September 2024 was an impressive 273.3%, yet this was preceded by a drastic decline of 46.03% in July 2024. Such erratic performance raises concerns about the sustainability of revenue generation and the company's ability to maintain consistent growth.

In summary, the company's financial health appears precarious, characterized by significant revenue fluctuations, declining asset values, and underperformance relative to industry averages. The projected decline in both revenue and total assets for 2024, coupled with the erratic monthly performance, suggests that the company may face challenges in achieving stable growth moving forward. These trends warrant close monitoring and strategic adjustments to address the underlying issues affecting the company's financial performance.","당사는 2021년 65,360백만 원에서 2022년 47,687백만 원으로 연간 수익이 27.04% 감소하였으나, 2023년에는 62,406백만 원으로 30.87% 증가하였습니다. 그러나 2024년 예상 수익은 59,880백만 원으로 4.05% 감소할 것으로 보이며, 총 자산은 2021년 28,210백만 원에서 2023년 29,714백만 원으로 증가했으나, 2024년에는 28,803백만 원으로 3.07% 감소할 것으로 예상됩니다. 당사의 월별 수익은 2023년 11월에 6,140백만 원으로 128.17% 증가했으나, 이후 2024년 3월과 5월에 각각 54.05%와 54.41% 감소하는 등 불안정한 패턴을 보이고 있습니다. `지속 가능한 성장을 위해 수익원 다각화가 필요합니다.`",2024-12-03 08:20:44
18,Company_1,insight,growth/financial_stability,,"회사는 2023년에 총매출 62,406백만 원으로 `2023년에 비해 놀라운 회복세를 보였습니다`. 하지만 2024년 예상 매출이 소폭 감소하면서 성장 모멘텀 유지에 주의가 필요합니다. 동시에 단기차입금 증가와 차입금의존도가 업종평균을 초과하고 있어 재정 상태의 안정성이 우려됩니다. 이를 개선하기 위해, `차입 관리 및 리스크 완화를 통해 재무 구조 개선이 시급합니다`. 회사의 지속 성장 가능성을 극대화하기 위해서는 효과적인 자산 관리와 함께 시장 기회를 적극 활용해야 할 것입니다.",2024-12-03 08:15:30
17,Company_1,weakness,financial_stability,"The company's financial stability appears to be under significant strain, particularly highlighted by the alarming increase in 단기차입금 (short-term borrowings), which surged from 1,440 million won in 2022 to an estimated 3,891 million won in 2024, marking a staggering increase of 170.5%. This trend is compounded by a notable rise in 차입금의존도 (debt-to-assets ratio), which escalated from 19.66% in 2022 to a projected 44.26% in 2024, far exceeding the 업종평균 차입금의존도 (industry average debt-to-assets ratio) of 30.88%. Additionally, the 유동비율 (current ratio) has shown volatility, dropping from 210.58 in 2022 to 94.65 in 2023, before recovering slightly to an estimated 115.75 in 2024, yet still trailing behind the 업종평균 유동비율 (industry average current ratio) of 127.18. The 매출액대비차입비율 (debt-to-sales ratio) also reflects a concerning trend, with figures fluctuating significantly, peaking at 449.45 in March 2024, which is well above the 업종평균 매출대비차입비율 (industry average debt-to-sales ratio) of 269.47 in October 2024. Furthermore, the 운전자금회전율 (working capital turnover rate) has been inconsistent, with a negative value in August 2024, indicating potential liquidity issues. Given these trends, it is crucial for the company to reassess its borrowing strategy and liquidity management to enhance its financial stability and align more closely with industry benchmarks.","당사의 단기차입금은 2022년 1,440백만 원에서 2024년 3,891백만 원으로 170.5% 증가하였으며, 차입금의존도는 2022년 19.66%에서 2024년 44.26%로 상승하여 업종평균 30.88%를 초과하고 있습니다. 유동비율은 2022년 210.58에서 2023년 94.65로 하락한 후 2024년 115.75로 소폭 회복하였으나, 여전히 업종평균 127.18에 미치지 못합니다. 매출액대비차입비율은 2024년 3월에 449.45로 정점을 찍어 업종평균 269.47을 크게 초과하였고, 운전자금회전율은 2024년 8월에 부정적인 값을 기록하여 유동성 문제를 시사합니다. `당사는 차입 전략과 유동성 관리를 재검토하여 재무 안정성을 강화할 필요가 있습니다.`",2024-12-03 08:15:27
16,Company_1,insight,growth/profitability,,"회사의 연간 매출액은 2023년 62406백만 원으로 전년대비 대폭 성장을 기록하며 기업의 성장 가능성을 확인했습니다. 특히 특정 월의 매출도 강한 상승세를 보였으나, 2024년 예상 매출이 소폭 감소할 것으로 예상되어 주의를 요합니다. 반면, 수익성에서는 큰 어려움에 직면해 `2024년의 영업이익과 순이익 모두 상당한 감소로 돌아설 것으로 보이며 이는 기업의 중대 과제입니다.` 이를 개선하기 위해 `효율적인 비용 관리와 수익성 강화 전략을 통해 영업 구조를 재검토할 필요가 있습니다.` 실적 회복 가능성을 유지하는 동시에, 수익성 측면에서도 비즈니스의 불안정성을 해결해야 하겠습니다.",2024-12-03 08:03:07
15,Company_1,weakness,profitability,"The analysis of the company's profitability reveals significant challenges, particularly in the context of both annual and monthly performance metrics. Starting with annual profit data, the operating profit (영업이익) showed a notable recovery from a loss of -2,874 million won in 2021 to a positive 1,480 million won in 2023. However, the forecast for 2024 indicates a concerning return to a loss of -1,723 million won, representing a drastic decline of approximately 217% from the previous year. Similarly, the net profit (당기순이익) followed a similar trajectory, improving from 1,375 million won in 2021 to 1,146 million won in 2023, but is projected to fall to -1,088 million won in 2024, marking a decline of about 195%. 

When examining profit margins, the operating profit margin (영업이익률) improved from -4.4% in 2021 to 2.37% in 2023, yet is expected to drop to -2.88% in 2024. This trend is alarming, especially when compared to the industry average (업종평균 영업이익률), which has remained relatively stable, with a slight decline from 0.91% in 2021 to -0.32% in 2024. The net profit margin (당기순이익률) also reflects this volatility, decreasing from 2.1% in 2021 to 1.84% in 2023, with a forecasted drop to -1.82% in 2024, contrasting sharply with the industry average that has shown resilience.

Monthly profit data further underscores the company's struggles. For instance, the operating profit for October 2024 is reported at 480 million won, a stark contrast to the previous year’s figure of 537 million won, indicating a decline of approximately 10.6%. The monthly operating profit margins (영업이익률) also exhibit volatility, with a significant drop to -19.98% in February 2024, followed by a recovery to 7.73% in October 2024. However, this recovery is overshadowed by the overall negative trend, as the cumulative operating profit margin (누적 영업이익률) remains negative at -3.47% by October 2024.

The cumulative net profit margin (누적 순이익률) reflects a similar pattern, with a negative value of -1.3% in October 2024, indicating ongoing profitability issues. The monthly net profit (당기순이익) also fluctuated, with a notable loss of -738 million won in August 2024, followed by a modest recovery to 197 million won in October 2024. This inconsistency highlights the company's inability to maintain stable profitability.

In summary, the company's profitability is under significant pressure, with both annual and monthly metrics indicating a troubling trend towards losses. The anticipated declines in operating and net profits for 2024, coupled with negative profit margins that fall below industry averages, suggest that the company faces substantial challenges in achieving financial stability. The fluctuations in monthly performance further complicate the outlook, emphasizing the need for strategic interventions to address these weaknesses and improve overall financial health.","당사의 연간 영업이익은 2021년 -2874백만 원에서 2023년 1480백만 원으로 회복되었으나, 2024년에는 -1723백만 원으로 다시 손실이 예상되어 약 217% 감소할 것으로 보입니다. 월간 영업이익은 2024년 10월에 480백만 원으로, 전년 대비 약 10.6% 감소하였으며, 누적 영업이익률은 2024년 10월 기준 -3.47%로 부정적인 추세를 보이고 있습니다. 당사의 영업이익률은 2023년 2.37%에서 2024년 -2.88%로 하락할 것으로 예상되며, 이는 업종 평균과 비교할 때 더욱 심각한 상황입니다. `수익성 회복을 위한 전략적 개선이 필요합니다.`",2024-12-03 08:03:04
14,Company_1,insight,profitability/partner_stability,,"회사의 2023년 수익성은 역전 극복의 강점을 보이며 운영 이익은 영업손실 2874백만 원에서 1480백만 원으로 대폭 개선되었습니다. `2024년 예상된 손실을 초과하기 위해 수익성 개선을 위한 운영 효율화가 필요합니다.` 한편, 회사의 사업 파트너 안정성은 매우 높은 파트너 집중도와 신용등급 차이로 인해 취약성이 드러납니다. 매출의 68.9%가 상위 다섯 매출처에 의존하고 있는 상황은 리스크가 크며, 특히 SalesPartner_5의 불확실한 판매 추세는 안정성을 흔들고 있습니다. `사업 파트너 관계를 다각화하고 안정적인 신뢰 기반을 구축함으로써 비즈니스 리스크를 완화하고 거래 흐름을 안정화시키는 것이 관건입니다.` 이를 통해 회사는 주요 매출원의 의존도를 줄이고 보다 지속 가능한 성장을 이루어야 할 것입니다.",2024-12-03 07:02:33
13,Company_1,strength,profitability,"The analysis of the company's profitability reveals a mixed but ultimately positive trend, particularly when focusing on recent performance and recovery signs. In 2023, the company achieved an operating profit (영업이익) of 1,480 million won, a significant improvement from the previous year's loss of 2,874 million won. This represents a remarkable turnaround, showcasing a growth of approximately 151% year-over-year. However, the forecast for 2024 indicates a projected operating loss of 1,723 million won, which suggests potential challenges ahead. The operating profit margin (영업이익률) also reflects this volatility, improving from -4.4% in 2021 to 2.37% in 2023, before dropping to an expected -2.88% in 2024. 

When examining net profit (당기순이익), the company reported a net profit of 1,146 million won in 2023, up from 473 million won in 2022, marking a 142% increase. This positive trend is somewhat tempered by the anticipated net loss of 1,088 million won for 2024, indicating a need for strategic adjustments. The net profit margin (당기순이익률) followed a similar trajectory, improving from 2.1% in 2021 to 1.84% in 2023, but is projected to decline to -1.82% in 2024.

Monthly data from 2024 shows a notable recovery in the latter part of the year, particularly in October, where the operating profit reached 480 million won, a significant increase from the previous month’s profit of 679 million won. This monthly performance indicates a positive trend, especially when compared to the same month in the previous year, where the operating profit was only 537 million won. The operating profit margin for October 2024 stands at 7.73%, a strong recovery from earlier months, particularly from the -19.98% in February 2024.

Cumulatively, the operating profit margin (누적 영업이익률) has shown improvement, moving from -7.83% in November 2023 to -3.47% in October 2024, indicating a gradual recovery. The cumulative net profit margin (누적 순이익률) also reflects this trend, improving from 0.68% in November 2023 to -1.3% in October 2024, suggesting that while challenges remain, the company is on a path toward stabilization.

In comparison to industry averages, the company’s operating profit margin in 2023 (2.37%) outperformed the industry average of 0.66%, highlighting its competitive edge during that period. However, the projected decline in 2024, alongside the industry average expected to be -0.32%, suggests that the company may face increased pressure to maintain its market position.

Overall, while the company faces challenges in the upcoming year, the significant improvements in 2023 and the positive monthly trends in 2024 indicate resilience and potential for recovery. The ability to turn around from substantial losses to profitability in 2023 demonstrates effective management strategies, and the recent monthly performance suggests that the company is actively working to address its financial health. Continued focus on operational efficiency and strategic planning will be crucial to navigate the anticipated downturn in 2024 and to leverage the positive momentum built in the previous year.","당사는 2023년 영업이익 1480백만 원을 기록하며 전년 대비 2874백만 원의 손실에서 151%의 개선을 보였습니다. 그러나 2024년에는 1723백만 원의 영업손실이 예상되며, 영업이익률은 2023년 2.37%에서 2024년 -2.88%로 하락할 것으로 보입니다. 당사의 2023년 순이익은 1146백만 원으로 2022년 473백만 원에서 142% 증가하였으나, 2024년에는 1088백만 원의 순손실이 예상됩니다. `효율적인 운영 전략을 통해 2024년의 도전을 극복할 필요가 있습니다.`",2024-12-03 07:02:29
12,Company_1,insight,growth/partner_stability,,"회사의 강점은 `특히 매출 성장 면에서 두드러지며`, 기업은 2023년에 전년 대비 30.87%의 높은 매출 성장률을 기록하면서 -5.32%인 업계 평균을 크게 앞질렀습니다. 반면, 2024년 예상 매출과 총자산은 감소가 예상되어 주의가 필요합니다. `주요 프로젝트에서 시장 기회를 자본화할 능력이 있음이 입증되었으며`, 경쟁우위를 유지하고 있습니다. 그러나 사업 파트너 안정성에서는 취약성을 드러 내며, 매출 상위 5개 매출처가 총 매출의 68.9%를 차지하여 리스크가 높습니다. `파트너 다변화와 공급망 다각화 전략이 시급해`, 소수 파트너에 대한 의존도를 낮추는 방향으로 전환해야 합니다. 협력사의 회수기일 및 지급기일 연장 문제를 해결하기 위해, `매출처와 매입처와의 관계 재검토가 필요`합니다.",2024-12-03 06:26:05
11,Company_1,weakness,partner_stability,"The analysis of the company's business partner stability reveals several concerning trends that could impact its operational resilience. Firstly, the partner concentration risk is significant, as the top five 매출처 account for 68.9% of the total annual sales, amounting to 225,075 million won. This high concentration indicates a vulnerability; if any of these key partners were to reduce their business or face financial difficulties, the company could experience substantial revenue loss. Notably, SalesPartner_5, the largest customer, has shown erratic monthly sales, with a peak of 9,867 million won in December 2023, followed by a drastic drop to just 1,000 million won in September 2024, highlighting instability in this relationship.

In terms of 신용등급 trends, the annual data shows that the top five 매입처 have varying credit ratings, with PurchasePartner_1 rated at BBB+, which is notably lower than the others rated A or AA. This disparity raises concerns about the reliability of this supplier, especially given that it constitutes 13.3% of the annual purchase amount at 44,280 million won. The average monthly purchases from PurchasePartner_1 also reflect inconsistency, with a significant drop in January 2024 to 3,571 million won from 9,084 million won in December 2023, indicating potential issues in supply chain reliability.

The payment and collection period trends further exacerbate the situation. The average 회수기일 for the top five 매출처 ranges from 25.58 days for SalesPartner_6 to 47.92 days for SalesPartner_3, with the latter showing a concerning increase in collection time, which could strain cash flow. Similarly, the average 지급기일 for the top suppliers is also extended, particularly for PurchasePartner_1, which has an average of 46.5 days. This prolonged payment period could lead to strained relationships with suppliers, especially if they require timely payments to maintain their operations.

Transaction growth trends indicate a worrying decline in sales from key partners. For instance, SalesPartner_5's average monthly sales have plummeted to 4,274.58 million won, with several months showing zero sales, which is alarming for a partner that contributes significantly to the overall revenue. Additionally, the monthly sales data for SalesPartner_3 shows fluctuations, with a notable drop in sales from 9,027 million won in December 2023 to 2,767 million won in January 2024, reflecting instability in this relationship as well.

In summary, the company's business partnerships exhibit significant instability characterized by high partner concentration, varying credit ratings, extended payment and collection periods, and declining transaction volumes. These factors collectively pose a risk to the company's financial health and operational continuity, necessitating a strategic reassessment of partner relationships and a focus on diversifying its customer and supplier base to mitigate these risks.","당사의 주요 매출처 5곳이 전체 연매출의 68.9%인 225,075백만 원을 차지하고 있으며, SalesPartner_5의 월 매출이 2023년 12월 9,867백만 원에서 2024년 9월 1,000백만 원으로 급감하는 등 불안정한 성과를 보이고 있습니다. 또한, PurchasePartner_1의 신용등급이 BBB+로 낮아 연간 구매액의 13.3%인 44,280백만 원을 차지하는 반면, 평균 지급기일이 46.5일로 연장되어 공급업체와의 관계에 부담을 주고 있습니다. 거래 성장 추세에서는 SalesPartner_5의 평균 월 매출이 4,274.58백만 원으로 감소하고, SalesPartner_3의 매출이 2023년 12월 9,027백만 원에서 2024년 1월 2,767백만 원으로 하락하는 등 주요 파트너의 매출이 불안정한 상황입니다. `파트너 관계 다각화를 통해 리스크를 완화할 필요가 있습니다.`",2024-12-03 06:26:00
10,Company_1,strength,growth,"The company's financial performance shows a mixed but generally positive trend, particularly in its revenue growth. In 2023, the annual revenue reached 62,406 million won, marking a significant recovery from the previous year's decline of 47,687 million won, which represented a -27.04% decrease. This recovery is underscored by a remarkable annual revenue growth rate of 30.87% in 2023, significantly outperforming the industry average revenue growth rate of -5.32% for the same year. However, the estimated revenue for 2024 is projected to decline slightly to 59,880 million won, reflecting a -4.05% decrease, which is concerning but still better than the industry average forecast of -13.23%.

Monthly revenue data reveals a strong performance in certain months of 2024, particularly in January with 8,025 million won and August with 8,655 million won, both of which are substantial increases compared to their respective year-over-year figures of 5,923 million won and 7,092 million won. Notably, November 2023 saw a staggering 128.17% increase in revenue compared to the previous year, indicating a robust start to the following year. The cumulative revenue growth rate also reflects this positive trend, peaking at 128.17% in November 2023 before stabilizing around 4.01% by October 2024.

In terms of total assets, the company reported 29,714 million won in 2023, a slight increase from 29,282 million won in 2022, resulting in a total asset growth rate of 1.48%. This is a positive sign, especially when compared to the industry average total asset growth rate of -0.07% for the same year. However, the estimated total assets for 2024 are projected to decrease to 28,803 million won, reflecting a -3.07% change, which is again better than the industry average of 0.39%.

Overall, the company demonstrates resilience and potential for growth, particularly in its revenue generation, which has rebounded strongly from previous lows. The significant year-over-year increases in monthly revenue, especially in November 2023 and January 2024, highlight the company's ability to capitalize on market opportunities. While the projected declines in both revenue and total assets for 2024 raise some concerns, the company still maintains a competitive edge over industry averages, suggesting a solid foundation for future growth. The financial health of the company appears stable, with the potential for recovery and expansion if it can navigate the projected downturn effectively.","당사의 2023년 연간 수익은 62,406백만 원으로, 전년 대비 27.04% 감소한 47,687백만 원에서 회복되었으며, 이는 30.87%의 연간 수익 성장률을 나타냅니다. 2024년 예상 수익은 59,880백만 원으로 4.05% 감소할 것으로 보이며, 이는 업계 평균인 13.23% 감소보다 나은 수치입니다. 2023년 11월에는 전년 대비 128.17%의 수익 증가가 있었고, 2024년 1월과 8월에도 각각 8,025백만 원과 8,655백만 원의 강력한 성과를 기록했습니다. `당사는 향후 수익성 유지를 위해 시장 기회를 적극적으로 활용해야 합니다.`",2024-12-03 06:25:49
9,Company_2,insight,profitability/partner_stability,,"회사의 수익성 분석 결과, 빠른 회복세와 월별 긍정적인 실적 개선이 관찰되었습니다. 특히 2024년에는 영업이익이 매월 상승하여 수익성 회복 가능성을 제시하고 있습니다. 반면 파트너 안정성 면에서는 상위 다섯 매출처가 전체 매출의 고도 집중화되어 있어 위험이 큽니다. 특히 신용등급이 낮은 파트너에게 의존하는 구조가 우려되며, 이는 회수기일 지연과 구매 패턴의 변동성을 야기하고 있습니다. `영업 수익성을 개선할 기회가 명확하지만, 고객 집중 리스크를 완화하기 위해 신규 파트너 다변화 전략을 추진할 필요`, `수익성 개선을 위한 운영 효율화가 필요면서도 파트너 포트폴리오 재평가 및 잠재 위험 파트너에 대한 대책 수립이 요구`됩니다. 이는 향후 재무 건전성을 증대시키고 지속 가능한 매출 성장을 확보하는 데 중요한 역할을 할 것입니다.",2024-12-03 06:25:24
8,Company_2,strength,profitability,"The analysis of the company's profitability reveals several positive trends, particularly in the context of recent monthly performance and a gradual recovery in annual profit figures. Notably, the operating profit (영업이익) for 2024 is projected at -840 million won, which, while still negative, represents a significant improvement from -1774 million won in 2021 and -864 million won in 2022. This trend indicates a narrowing of losses over the years, with the operating profit improving from -477 million won in 2023 to a projected -840 million won in 2024, suggesting a potential stabilization in operations.

Examining the monthly profit data, there are encouraging signs of recovery in 2024. For instance, the operating profit for February 2024 was 301 million won, followed by 481 million won in March and 412 million won in April. These figures reflect a positive shift, especially when compared to the same months in the previous year, where the operating profit was -970 million won in January 2024 and -1434 million won in December 2023. The month of October 2024 also shows a return to positive operating profit at 140 million won, compared to -425 million won in October 2023, marking a substantial improvement of over 30%.

The operating profit margin (영업이익률) has also shown signs of recovery, with a notable increase in March 2024 to 18.38%, a stark contrast to the negative margins observed in previous months. This improvement is further supported by the cumulative operating profit margin (누적 영업이익률), which has decreased from -11.37% in December 2023 to -3.59% in October 2024, indicating a positive trend in profitability over the year.

In terms of net profit (당기순이익), the company is projected to achieve a near break-even point in 2024 with a forecasted loss of only -10 million won, a significant recovery from -612 million won in 2023 and a return to profitability in 2022 with a net profit of 236 million won. The net profit margin (당기순이익률) is also expected to improve, moving from -0.89% in 2023 to -0.02% in 2024, which is a promising indicator of the company's financial health.

When comparing these figures to the industry averages (업종평균), the company has faced challenges, particularly in 2021 and 2022, where both operating and net profit margins were below the industry benchmarks. However, the narrowing of losses and the recent positive monthly trends suggest that the company is on a path to align more closely with industry performance, particularly as the industry average operating profit margin is projected to be -0.65% in 2024.

Overall, the company's profitability analysis indicates a resilient recovery trajectory, with significant improvements in both operating and net profit margins. The positive monthly trends, particularly in early 2024, highlight the potential for continued growth and stabilization, positioning the company favorably as it moves forward. The focus on reducing losses and improving operational efficiency will be crucial in maintaining this positive momentum and ultimately achieving profitability in the near future.","당사의 영업이익은 2021년 -1774백만 원에서 2022년 -864백만 원, 2023년 -477백만 원으로 개선되었으며, 2024년에는 -840백만 원으로 예상됩니다. 2024년 2월부터 4월까지의 영업이익은 각각 301백만 원, 481백만 원, 412백만 원으로, 2023년 같은 기간의 -970백만 원, -1434백만 원과 비교하여 긍정적인 회복세를 보이고 있습니다. 당사의 순이익은 2023년 -612백만 원에서 2024년 -10백만 원으로 개선될 것으로 예상되며, 업종 평균 영업이익률 -0.65%와 비교할 때 여전히 도전 과제가 존재합니다. `운영 효율성을 높여 손실 축소에 집중하는 전략이 필요합니다.`",2024-12-03 06:25:18
7,Company_2,insight,growth/profitability,,"회사의 성장과 약점을 살펴보면, 사업 실적 측면에서는 조정 중에도 회복 가능성이 엿보입니다. 2023년에 기록한 6만 8601억원의 수익은 소폭 감소했지만, 업계 평균보다 우수한 성과입니다. 하지만 `재정 건전성을 강화하고 지속 가능한 수익성을 확보`하기 위해서는 운영 효율성 개선이 시급합니다. 2024년 예상 영업이익이 다시 적자로 전환될 것으로 예상되는 것이 바로 그 증거입니다. `비용 구조를 재검토하고 운영 최적화를 추진`하여 영업 손실을 줄이는 것이 핵심적이며 경쟁력을 높일 수 있는 방법입니다. 이와 함께, 당기순이익의 긍정성을 더 늘리기 위해 자산을 안정적으로 관리하는 것이 필요합니다. 안정된 손익을 위해 시장 상황에 따른 전략적 대응이 중요합니다.",2024-12-03 06:17:16
6,Company_2,weakness,profitability,"The analysis of the company's profitability reveals several concerning trends that highlight significant challenges in its financial health. Over the past few years, the company has consistently reported negative 영업이익 (operating profit), with figures declining from -1,774 million won in 2021 to -477 million won in 2023, before an estimated increase in losses to -840 million won in 2024. This represents a reduction in losses of approximately 73% from 2021 to 2023, but the projected increase in 2024 indicates a troubling reversal. The 영업이익률 (operating profit margin) has also shown a negative trajectory, moving from -3.37% in 2021 to -0.7% in 2023, but is expected to worsen again to -1.41% in 2024. This indicates that while the company has made some progress in reducing its operating losses, it is still far from achieving profitability and is projected to face further declines.

In terms of 당기순이익 (net profit), the company experienced a brief positive spike in 2022 with a profit of 236 million won, but this was followed by a significant loss of -612 million won in 2023, with an estimated near break-even of -10 million won in 2024. The 당기순이익률 (net profit margin) reflects this volatility, moving from -2.16% in 2021 to 0.34% in 2022, then dropping to -0.89% in 2023, and projected to improve slightly to -0.02% in 2024. Despite the apparent recovery in 2024, the overall trend remains negative, particularly when compared to the 업종평균 (industry average) 당기순이익률, which has fluctuated but remained positive in 2022 and 2023, indicating that the company is underperforming relative to its peers.

Monthly data further illustrates the volatility in profitability. For instance, the company reported a significant loss of -1,434 million won in December 2023, followed by a recovery to a positive operating profit of 301 million won in February 2024. However, this was followed by another loss of -530 million won in May 2024, highlighting the inconsistency in performance. The 영업이익률 (operating profit margin) for December 2023 plummeted to -17.74%, a stark contrast to the positive margin of 5.69% in February 2024, indicating extreme fluctuations in operational efficiency. The cumulative 영업이익률 (cumulative operating profit margin) has also shown a negative trend, with a cumulative margin of -3.59% in October 2024, suggesting that the company has not been able to maintain a consistent path toward profitability.

Comparing these figures to the industry averages reveals a stark disparity. The 업종평균 영업이익률 has remained relatively stable, with a slight negative margin in recent years, but the company’s margins are significantly worse, indicating that it is struggling to compete effectively within its sector. The cumulative 순이익률 (cumulative net profit margin) also reflects this underperformance, with the company’s latest figure of 0.07% in October 2024 falling short of the industry average, which has shown more resilience.

In summary, while there have been some improvements in reducing losses, the company's overall profitability remains a significant concern. The negative trends in both 영업이익 and 당기순이익, coupled with poor margins compared to industry averages, suggest that the company faces substantial challenges ahead. The fluctuations in monthly performance further complicate the outlook, indicating a lack of stability in operations. Without a strategic overhaul to address these issues, the company may continue to struggle in achieving sustainable profitability.","당사는 2021년 -1774백만 원의 영업이익에서 2023년 -477백만 원으로 손실을 줄였으나, 2024년에는 -840백만 원으로 다시 증가할 것으로 예상됩니다. 당기순이익은 2022년 236백만 원의 이익을 기록한 후 2023년 -612백만 원으로 감소하였고, 2024년에는 -10백만 원으로 거의 손익 분기점에 도달할 것으로 보입니다. 업종평균과 비교할 때, 당사의 영업이익률은 2023년 -0.7%로 업종평균보다 현저히 낮으며, 당기순이익률 또한 2024년 -0.02%로 업종 평균에 미치지 못하고 있습니다. `지속 가능한 수익성을 달성하기 위해서는 전략적 구조 조정이 필요합니다.`",2024-12-03 06:17:08
5,Company_2,insight,growth/partner_stability,,"회사의 강점과 약점 분석에 따르면, 재무 성과는 일반적으로 긍정적이며 산업 평균보다 우수한 성과를 보이고 있습니다. 2023년에는 매출 68601백만 원을 달성했고 이는 산업 평균보다는 높은 안정성을 나타냅니다. `회사의 회복 가능성이 있는 성장 잠재력을 활용`하는 것이 중요합니다. 반면, 상위 5개의 매출처가 총 판매의 74.75%를 차지하며 높은 집중도가 나타나는 등 파트너 안정성 문제는 심각합니다. 특히, 두 곳의 매출 파트너가 CCC- 신용 등급을 가지고 있어 미래의 수익 안정성이 위협받고 있습니다. `파트너 포트폴리오의 유연성을 확보하여 집중 리스크를 줄이는 전략적 계획`이 필요하며, 불안정한 구매 행동을 보이는 주요 파트너는 긴밀한 관리가 요구됩니다.",2024-12-03 06:12:52
4,Company_2,weakness,partner_stability,"The analysis of the company's business partner stability reveals several concerning trends that could impact its operational effectiveness and financial health. Firstly, the partner concentration risk is significant, as the top five 매출처 account for 74.75% of the total annual sales, with a combined 연간_매출금액 of 235,638 million won. This high concentration indicates a vulnerability; if any of these partners experience financial difficulties or reduce their orders, the company could face substantial revenue losses. Notably, SalesPartner_3 and SalesPartner_2 both hold a 신용등급 of CCC-, which is indicative of a higher risk of default. Their combined sales amount to 88,449 million won, representing 37.5% of the top five sales, further exacerbating the concentration risk.

In terms of credit rating trends, the presence of two partners with a CCC- rating raises red flags about the overall stability of the company's customer base. The average 신용등급 of the top five customers is B, which is not particularly strong, suggesting that the company may be relying on partners with questionable financial stability. This is further underscored by the fact that SalesPartner_3 has shown erratic monthly sales, with a peak of 9,110 million won in January 2024 followed by a significant drop to 5,157 million won in February, indicating potential instability in their purchasing behavior.

The payment and collection period trends also highlight potential issues. The average 회수기일 for the top five customers ranges from 33.42 days for SalesPartner_8 to 56.0 days for SalesPartner_7, with the latter showing a concerning increase in payment delays. This could strain the company's cash flow, especially if these delays become more pronounced. Additionally, SalesPartner_7's monthly sales have fluctuated significantly, with a peak of 8,942 million won in February 2024 followed by a drop to 1,397 million won in May, indicating volatility in their purchasing patterns.

Transaction growth trends reveal a mixed picture. While SalesPartner_8 has shown a relatively stable average monthly sales figure of 4,702.17 million won, the other partners exhibit significant fluctuations. For instance, SalesPartner_5's sales dropped to 1,443 million won in May 2024 after a peak of 8,800 million won in March, reflecting instability in their purchasing behavior. This inconsistency across partners raises concerns about the predictability of future sales and the overall reliability of the customer base.

In summary, the company's business partnerships exhibit significant weaknesses, particularly in terms of partner concentration, credit ratings, payment periods, and transaction stability. The reliance on a small number of customers with low credit ratings poses a risk to revenue stability, while the erratic purchasing behavior of key partners could lead to cash flow challenges. The overall stability of the company's business partnerships is precarious, necessitating a strategic reassessment of its partner relationships to mitigate these risks and enhance financial resilience.","당사의 주요 매출처 5곳이 전체 연간 매출의 74.75%를 차지하며, 이들 중 SalesPartner_3와 SalesPartner_2는 신용등급이 CCC-로, 이들의 매출이 88,449백만 원으로 전체 5곳의 37.5%를 차지하고 있습니다. 또한, SalesPartner_7의 평균 회수기일이 56.0일로 증가하고 있으며, SalesPartner_5는 3월에 8,800백만 원에서 5월에는 1,443백만 원으로 급감하는 등 거래의 변동성이 두드러집니다. 이러한 불안정한 거래 패턴과 낮은 신용등급은 당사의 재무 안정성에 부정적인 영향을 미칠 수 있습니다. `파트너 관계의 다변화를 통해 리스크를 분산할 필요가 있습니다.`",2024-12-03 06:12:48
3,Company_2,insight,growth/financial_stability,,"회사의 재무 성과는 지속적인 수익 창출과 자산 관리에서 견고함을 보이고 있습니다. 2023년 매출 68,601백만원은 전년도 대비 소폭 감소했지만, 업종 평균보다 견실하고 뒤이어 회복세를 보이고 있습니다. 그러나 상대적으로 높은 차입금 의존도는 커다란 재무 리스크를 제공합니다; `부채 조달을 줄일 필요`가 명확합니다. 무슨 일이 있어도 `유동성 중요성`을 인식해야 하며, 적정한 유동비율과 자본조달 방안이 필수적입니다. 운전자금 회전율의 감소도 주의가 필요하며, `운영 효율성을 개선하여 효율성을 증대`하고 리스크를 관리할 필요가 있습니다. 적절한 자산 및 부채 관리 전략을 채택하면 향후 성장을 위한 확실한 기반을 마련할 수 있을 것입니다.",2024-12-03 06:01:57
2,Company_2,weakness,financial_stability,"The company's financial stability shows concerning trends, particularly in its reliance on debt and liquidity metrics. The 차입금의존도 (debt-to-assets ratio) has increased significantly from 20.59% in 2021 to an estimated 31.79% in 2024, surpassing the 업종평균 차입금의존도 (industry average debt-to-assets ratio) of 29.52% for the same year, indicating a growing dependency on borrowed funds. Additionally, while the 유동비율 (current ratio) improved dramatically to 177.13% in 2023, it is projected to decline to 151.17% in 2024, which, although still above the 업종평균 유동비율 (industry average current ratio) of 137.36%, suggests a potential liquidity squeeze. The 매출액대비차입비율 (debt-to-sales ratio) has shown volatility, peaking at 530.11 in July 2024 before stabilizing at 169.62 in October 2024, yet it remains above the 업종평균 매출대비차입비율 (industry average debt-to-sales ratio) of 183.58, reflecting a precarious balance between sales and debt obligations. Furthermore, the 운전자금회전율 (working capital turnover rate) has plummeted from a high of 684.81 in July 2024 to just 45.26 in October 2024, indicating inefficiencies in managing working capital that could hinder operational flexibility. To enhance financial stability, the company should consider strategies to reduce its debt levels and improve working capital management, ensuring that it aligns more closely with industry benchmarks and mitigates risks associated with high leverage and liquidity pressures.","당사의 차입금의존도는 2021년 20.59%에서 2024년 31.79%로 증가하여 업종평균 29.52%를 초과하고 있습니다. 유동비율은 2023년 177.13%에서 2024년 151.17%로 감소할 것으로 예상되며, 이는 업종평균 137.36%보다 여전히 높은 수치이나 유동성 압박을 시사합니다. 매출액대비차입비율은 2024년 7월 530.11에서 10월 169.62로 안정세를 보이나, 업종평균 183.58을 초과하여 부채 의무와의 균형이 불안정합니다. `당사는 부채 수준을 줄이고 운전자금 관리를 개선하는 전략을 고려해야 합니다.`",2024-12-03 06:01:53
1,Company_2,strength,growth,"The company's financial performance shows a mixed but generally positive outlook, particularly when considering the latest available data. In 2023, the annual revenue reached 68,601 million won, which, while a slight decrease of 1.74% from the previous year, still reflects a robust performance compared to the significant growth of 32.54% in 2022. The estimated revenue for 2024 is projected at 59,482 million won, indicating a decline of 13.29% year-over-year, yet this estimate should be viewed in the context of the broader industry, where the average revenue growth rate is expected to drop significantly to -18.08%. This suggests that while the company is experiencing a downturn, it is performing relatively better than the industry average.

Examining the monthly revenue data reveals notable fluctuations, with the highest monthly revenue recorded in December 2023 at 8,083 million won, and the lowest in July 2024 at 1,508 million won. The monthly growth rates also exhibit significant variability, with a remarkable increase of 87.15% in August 2024 compared to the previous month, indicating a potential recovery phase. Furthermore, the cumulative revenue growth rate shows a gradual improvement, moving from -26.01% in November 2023 to -7.08% in October 2024, suggesting that the company is on a path toward stabilization.

In terms of total assets, the company reported 30,482 million won in 2023, a slight increase of 3.65% from 2022, which is a positive sign of asset management. However, the estimated total assets for 2024 are projected to decrease to 29,656 million won, reflecting a decline of 2.71%. This is in contrast to the industry average total asset growth rate, which is expected to remain stable at 0.12%. The company’s ability to maintain a relatively stable asset base amidst industry challenges is commendable.

Overall, the company's financial health appears resilient, particularly in light of the industry trends. The ability to achieve a revenue of 68,601 million won in 2023, despite a slight decline, and the significant monthly revenue spikes indicate potential for recovery and growth. The company’s performance, particularly in the context of the industry averages, suggests that it is navigating challenges effectively and may be well-positioned for future growth as it adapts to market conditions.","당사의 2023년 연간 수익은 68,601백만 원으로, 전년 대비 1.74% 감소하였으나 2022년의 32.54% 성장률에 비해 여전히 양호한 성과를 보였습니다. 2024년 예상 수익은 59,482백만 원으로, 전년 대비 13.29% 감소할 것으로 보이며, 이는 산업 평균인 -18.08%에 비해 상대적으로 나은 상황입니다. 2023년 총 자산은 30,482백만 원으로 3.65% 증가하였으나, 2024년에는 29,656백만 원으로 2.71% 감소할 것으로 예상되며, 이는 산업 평균의 0.12% 안정적 성장과 대조적입니다. `당사는 시장 변화에 적응하며 향후 성장을 위한 기회를 모색해야 합니다.`",2024-12-03 06:01:45
